51.0,1.0,104.2,166.8,0.0,1317.8,-1.0
52.2,84.6,114.5,180.0,250.0,1319.3,0.5
52.2,85.6,115.5,181.2,250.0,1317.8,0.5
52.2,87.7,115.5,181.2,250.0,1317.8,0.5
52.2,85.6,115.5,182.4,251.1,1317.8,0.5
52.2,87.7,116.5,182.4,250.0,1317.8,0.5
52.2,86.7,116.5,182.4,251.1,1316.3,0.5
52.2,87.7,116.5,182.4,250.0,1314.8,0.5
52.2,85.6,116.5,182.4,251.1,1314.8,0.5
52.2,85.6,116.5,182.4,251.1,1314.8,0.5
52.2,87.7,116.5,182.4,250.0,1314.8,0.5
52.2,86.7,116.5,182.4,250.0,1314.8,0.5
52.2,85.6,116.5,182.4,251.1,1314.8,0.5
52.2,88.7,116.5,182.4,250.0,1314.8,0.5
52.2,85.6,116.5,182.4,251.1,1316.3,0.5
52.2,86.7,116.5,182.4,251.1,1316.3,0.5
52.2,85.6,116.5,182.4,251.1,1314.8,0.5
52.2,99.1,116.5,182.4,247.7,1316.3,0.4
52.2,90.8,116.5,182.4,250.0,1316.3,0.5
52.2,85.6,116.5,182.4,250.0,1316.3,0.5
52.2,85.6,116.5,182.4,251.1,1316.3,0.5
52.2,85.6,116.5,182.4,251.1,1316.3,0.5
52.2,98.0,116.5,182.4,247.7,1314.8,0.4
52.2,85.6,116.5,182.4,251.1,1316.3,0.5
52.2,85.6,116.5,182.4,250.0,1316.3,0.5
52.2,86.7,116.5,182.4,250.0,1313.3,0.5
52.2,86.7,116.5,182.4,250.0,1316.3,0.5
52.2,85.6,116.5,182.4,250.0,1314.8,0.5
52.2,86.7,116.5,182.4,250.0,1314.8,0.5
52.2,86.7,116.5,182.4,250.0,1314.8,0.5
52.2,85.6,116.5,182.4,250.0,1313.3,0.5
52.2,86.7,116.5,182.4,250.0,1314.8,0.5
52.2,87.7,116.5,182.4,250.0,1314.8,0.5
52.2,87.7,116.5,182.4,250.0,1313.3,0.5
52.2,87.7,116.5,182.4,250.0,1313.3,0.5
52.2,87.7,116.5,182.4,250.0,1314.8,0.5
52.2,85.6,116.5,182.4,250.0,1313.3,0.5
52.2,87.7,116.5,182.4,250.0,1313.3,0.5
52.2,87.7,116.5,182.4,250.0,1313.3,0.5
52.2,87.7,116.5,182.4,250.0,1314.8,0.5
52.2,86.7,116.5,182.4,250.0,1313.3,0.5
52.2,88.7,116.5,182.4,248.8,1314.8,0.5
52.2,88.7,116.5,182.4,250.0,1313.3,0.5
52.2,86.7,116.5,182.4,250.0,1314.8,0.5
52.2,87.7,116.5,182.4,250.0,1313.3,0.5
52.2,91.8,116.5,182.4,248.8,1316.3,0.5
52.2,88.7,116.5,182.4,250.0,1313.3,0.5
52.2,85.6,116.5,182.4,250.0,1313.3,0.5
52.2,89.8,116.5,182.4,248.8,1313.3,0.5
52.2,87.7,116.5,182.4,250.0,1314.8,0.5
52.2,85.6,116.5,182.4,250.0,1313.3,0.5
52.2,87.7,116.5,182.4,248.8,1314.8,0.5
52.2,86.7,115.5,181.2,250.0,1314.8,0.5
52.2,86.7,115.5,182.4,250.0,1314.8,0.5
52.2,88.7,116.5,182.4,248.8,1314.8,0.5
52.2,85.6,115.5,182.4,250.0,1314.8,0.5
52.2,85.6,116.5,182.4,250.0,1316.3,0.5
52.2,85.6,115.5,181.2,250.0,1313.3,0.5
52.2,86.7,115.5,181.2,248.8,1314.8,0.5
52.2,85.6,115.5,182.4,250.0,1314.8,0.5
54.6,86.7,117.5,182.4,250.0,1316.3,0.5
54.6,87.7,117.5,183.6,250.0,1314.8,0.5
54.6,87.7,117.5,183.6,250.0,1314.8,0.5
54.6,89.8,117.5,183.6,248.8,1314.8,0.5
54.6,91.8,117.5,183.6,248.8,1314.8,0.5
54.6,89.8,117.5,183.6,250.0,1316.3,0.5
54.6,87.7,117.5,183.6,250.0,1316.3,0.5
54.6,88.7,117.5,183.6,250.0,1316.3,0.5
54.6,88.7,117.5,183.6,248.8,1314.8,0.5
54.6,88.7,117.5,183.6,248.8,1314.8,0.5
54.6,88.7,117.5,183.6,250.0,1314.8,0.5
54.6,88.7,117.5,182.4,250.0,1314.8,0.5
54.6,97.0,117.5,182.4,250.0,1314.8,0.4
54.6,97.0,117.5,182.4,247.7,1316.3,0.4
54.6,90.8,117.5,182.4,248.8,1316.3,0.5
54.6,87.7,117.5,182.4,250.0,1314.8,0.5
54.6,88.7,117.5,182.4,248.8,1314.8,0.5
54.6,87.7,117.5,182.4,250.0,1314.8,0.5
54.6,88.7,117.5,182.4,248.8,1316.3,0.5
54.6,88.7,117.5,182.4,248.8,1316.3,0.5
54.6,90.8,117.5,182.4,248.8,1314.8,0.5
54.6,91.8,117.5,182.4,247.7,1314.8,0.5
54.6,90.8,117.5,182.4,248.8,1314.8,0.5
54.6,90.8,117.5,182.4,248.8,1314.8,0.5
54.6,87.7,117.5,182.4,248.8,1314.8,0.5
54.6,89.8,117.5,182.4,248.8,1314.8,0.5
54.6,87.7,117.5,182.4,248.8,1316.3,0.5
54.6,87.7,117.5,182.4,248.8,1316.3,0.5
54.6,91.8,117.5,182.4,247.7,1314.8,0.5
54.6,98.0,117.5,182.4,245.5,1316.3,0.4
54.6,87.7,117.5,182.4,248.8,1316.3,0.5
54.6,91.8,117.5,182.4,247.7,1316.3,0.5
54.6,87.7,117.5,182.4,248.8,1314.8,0.5
54.6,88.7,117.5,182.4,248.8,1316.3,0.5
54.6,86.7,117.5,182.4,248.8,1316.3,0.5
54.6,88.7,117.5,182.4,248.8,1316.3,0.5
54.6,87.7,117.5,182.4,248.8,1316.3,0.5
54.6,89.8,116.5,182.4,248.8,1316.3,0.5
54.6,87.7,116.5,182.4,248.8,1317.8,0.5
54.6,87.7,116.5,182.4,248.8,1317.8,0.5
54.6,88.7,116.5,182.4,248.8,1316.3,0.5
54.6,88.7,116.5,182.4,247.7,1316.3,0.5
54.6,88.7,116.5,182.4,247.7,1317.8,0.5
54.6,89.8,116.5,182.4,247.7,1316.3,0.5
54.6,88.7,116.5,182.4,247.7,1316.3,0.5
54.6,91.8,116.5,182.4,247.7,1317.8,0.5
54.6,87.7,116.5,182.4,248.8,1317.8,0.5
54.6,88.7,116.5,182.4,247.7,1317.8,0.5
54.6,88.7,116.5,182.4,247.7,1316.3,0.5
54.6,88.7,116.5,181.2,247.7,1316.3,0.5
54.6,88.7,116.5,182.4,247.7,1317.8,0.5
54.6,88.7,116.5,182.4,247.7,1317.8,0.5
54.6,90.8,116.5,182.4,247.7,1316.3,0.5
54.6,87.7,116.5,181.2,247.7,1316.3,0.5
54.6,87.7,116.5,181.2,247.7,1316.3,0.5
54.6,88.7,116.5,181.2,247.7,1316.3,0.5
54.6,89.8,116.5,181.2,247.7,1316.3,0.5
54.6,89.8,116.5,181.2,247.7,1317.8,0.5
54.6,87.7,116.5,181.2,247.7,1316.3,0.5
54.6,87.7,116.5,181.2,247.7,1317.8,0.5
54.6,89.8,116.5,181.2,247.7,1317.8,0.5
54.6,86.7,116.5,181.2,247.7,1316.3,0.5
54.6,97.0,115.5,181.2,244.3,1317.8,0.4
54.6,87.7,116.5,181.2,246.6,1316.3,0.5
54.6,88.7,115.5,181.2,246.6,1317.8,0.5
54.6,86.7,115.5,181.2,246.6,1317.8,0.5
54.6,87.7,115.5,181.2,246.6,1317.8,0.5
54.6,87.7,115.5,181.2,246.6,1316.3,0.5
54.6,87.7,115.5,181.2,246.6,1317.8,0.5
54.6,87.7,115.5,181.2,246.6,1316.3,0.5
54.6,97.0,115.5,181.2,244.3,1316.3,0.4
54.6,88.7,115.5,181.2,246.6,1316.3,0.5
54.6,89.8,115.5,181.2,245.5,1316.3,0.5
54.6,86.7,115.5,181.2,246.6,1316.3,0.5
54.6,87.7,115.5,180.0,246.6,1316.3,0.5
54.6,87.7,115.5,181.2,246.6,1316.3,0.5
54.6,87.7,115.5,180.0,246.6,1317.8,0.5
54.6,88.7,115.5,180.0,245.5,1317.8,0.5
54.6,88.7,115.5,180.0,245.5,1317.8,0.5
53.4,88.7,115.5,180.0,245.5,1316.3,0.5
53.4,87.7,115.5,180.0,246.6,1316.3,0.5
53.4,89.8,115.5,180.0,245.5,1316.3,0.5
53.4,87.7,115.5,180.0,246.6,1316.3,0.5
53.4,86.7,115.5,180.0,246.6,1317.8,0.5
53.4,86.7,115.5,180.0,246.6,1316.3,0.5
53.4,88.7,115.5,180.0,245.5,1316.3,0.5
53.4,88.7,115.5,180.0,245.5,1317.8,0.5
53.4,86.7,115.5,180.0,245.5,1316.3,0.5
53.4,88.7,115.5,180.0,245.5,1317.8,0.5
53.4,91.8,115.5,180.0,245.5,1316.3,0.5
53.4,89.8,115.5,180.0,245.5,1319.3,0.5
53.4,89.8,114.5,180.0,245.5,1316.3,0.5
53.4,88.7,115.5,180.0,245.5,1317.8,0.5
53.4,87.7,115.5,180.0,245.5,1319.3,0.5
53.4,86.7,114.5,180.0,245.5,1317.8,0.5
53.4,86.7,114.5,180.0,245.5,1316.3,0.5
53.4,86.7,114.5,180.0,245.5,1317.8,0.5
53.4,86.7,114.5,180.0,245.5,1317.8,0.5
53.4,89.8,114.5,180.0,245.5,1317.8,0.5
53.4,86.7,114.5,180.0,245.5,1317.8,0.5
53.4,88.7,114.5,180.0,245.5,1316.3,0.5
53.4,86.7,114.5,180.0,245.5,1319.3,0.5
53.4,87.7,114.5,180.0,245.5,1319.3,0.5
53.4,86.7,114.5,180.0,245.5,1316.3,0.5
53.4,88.7,114.5,180.0,245.5,1317.8,0.5
53.4,86.7,114.5,180.0,245.5,1319.3,0.5
53.4,87.7,114.5,180.0,245.5,1317.8,0.5
53.4,89.8,114.5,180.0,244.3,1317.8,0.5
53.4,89.8,114.5,180.0,244.3,1319.3,0.5
53.4,86.7,114.5,180.0,245.5,1317.8,0.5
53.4,86.7,114.5,180.0,245.5,1317.8,0.5
53.4,87.7,114.5,180.0,245.5,1319.3,0.5
54.6,86.7,114.5,180.0,245.5,1317.8,0.5
54.6,88.7,114.5,178.8,244.3,1319.3,0.5
53.4,86.7,114.5,178.8,245.5,1319.3,0.5
53.4,86.7,114.5,178.8,245.5,1317.8,0.5
53.4,88.7,114.5,178.8,244.3,1319.3,0.5
53.4,86.7,114.5,178.8,244.3,1317.8,0.5
53.4,87.7,114.5,178.8,244.3,1317.8,0.5
53.4,89.8,114.5,178.8,244.3,1317.8,0.5
53.4,87.7,114.5,178.8,244.3,1317.8,0.5
53.4,87.7,114.5,178.8,244.3,1319.3,0.5
53.4,86.7,114.5,178.8,244.3,1317.8,0.5
53.4,88.7,114.5,178.8,244.3,1319.3,0.5
53.4,86.7,114.5,178.8,244.3,1319.3,0.5
53.4,86.7,114.5,178.8,244.3,1317.8,0.5
53.4,86.7,114.5,178.8,244.3,1319.3,0.5
53.4,87.7,114.5,178.8,244.3,1317.8,0.5
53.4,88.7,114.5,178.8,244.3,1317.8,0.5
53.4,86.7,114.5,178.8,244.3,1319.3,0.5
53.4,87.7,114.5,178.8,244.3,1319.3,0.5
53.4,87.7,114.5,178.8,244.3,1317.8,0.5
53.4,86.7,114.5,178.8,244.3,1319.3,0.5
53.4,89.8,114.5,178.8,244.3,1320.7,0.5
53.4,87.7,114.5,178.8,244.3,1317.8,0.5
53.4,89.8,114.5,178.8,244.3,1320.7,0.5
53.4,89.8,114.5,178.8,243.2,1317.8,0.5
53.4,89.8,114.5,178.8,243.2,1320.7,0.5
53.4,86.7,114.5,178.8,244.3,1320.7,0.5
53.4,86.7,113.4,178.8,244.3,1319.3,0.5
53.4,87.7,114.5,178.8,244.3,1319.3,0.5
53.4,87.7,114.5,178.8,244.3,1319.3,0.5
53.4,86.7,113.4,178.8,244.3,1320.7,0.5
53.4,86.7,113.4,178.8,244.3,1319.3,0.5
53.4,86.7,113.4,178.8,244.3,1320.7,0.5
53.4,86.7,113.4,178.8,244.3,1320.7,0.5
53.4,88.7,113.4,178.8,243.2,1320.7,0.5
53.4,88.7,113.4,178.8,243.2,1319.3,0.5
53.4,86.7,113.4,178.8,244.3,1320.7,0.5
53.4,89.8,113.4,178.8,243.2,1319.3,0.5
53.4,87.7,113.4,178.8,243.2,1320.7,0.5
53.4,87.7,113.4,178.8,243.2,1320.7,0.5
53.4,86.7,113.4,178.8,244.3,1320.7,0.5
53.4,86.7,113.4,178.8,243.2,1319.3,0.5
53.4,88.7,113.4,178.8,243.2,1319.3,0.5
53.4,86.7,113.4,178.8,244.3,1319.3,0.5
53.4,88.7,113.4,178.8,243.2,1319.3,0.5
53.4,88.7,113.4,178.8,243.2,1319.3,0.5
53.4,86.7,113.4,178.8,243.2,1319.3,0.5
53.4,89.8,113.4,178.8,243.2,1320.7,0.5
53.4,85.6,113.4,177.6,243.2,1319.3,0.5
53.4,89.8,113.4,177.6,243.2,1319.3,0.5
53.4,87.7,113.4,177.6,243.2,1320.7,0.5
53.4,85.6,113.4,177.6,243.2,1319.3,0.5
53.4,87.7,113.4,177.6,243.2,1319.3,0.5
53.4,88.7,113.4,177.6,243.2,1319.3,0.5
53.4,86.7,113.4,177.6,243.2,1319.3,0.5
53.4,89.8,113.4,177.6,243.2,1320.7,0.5
53.4,88.7,113.4,177.6,243.2,1319.3,0.5
53.4,87.7,113.4,177.6,243.2,1319.3,0.5
53.4,87.7,113.4,177.6,243.2,1319.3,0.5
53.4,87.7,113.4,177.6,243.2,1319.3,0.5
53.4,87.7,113.4,177.6,243.2,1319.3,0.5
53.4,87.7,113.4,177.6,243.2,1319.3,0.5
53.4,86.7,113.4,177.6,243.2,1320.7,0.5
53.4,86.7,113.4,177.6,243.2,1319.3,0.5
53.4,86.7,113.4,177.6,243.2,1320.7,0.5
53.4,86.7,113.4,177.6,243.2,1322.2,0.5
53.4,87.7,113.4,177.6,243.2,1320.7,0.5
53.4,88.7,113.4,177.6,243.2,1322.2,0.5
53.4,89.8,113.4,177.6,242.1,1320.7,0.5
53.4,86.7,113.4,177.6,243.2,1322.2,0.5
53.4,86.7,113.4,177.6,243.2,1320.7,0.5
53.4,87.7,113.4,177.6,243.2,1322.2,0.5
53.4,88.7,113.4,177.6,243.2,1322.2,0.5
53.4,86.7,113.4,177.6,243.2,1322.2,0.5
53.4,86.7,113.4,177.6,243.2,1320.7,0.5
53.4,90.8,113.4,177.6,242.1,1322.2,0.5
53.4,88.7,113.4,177.6,242.1,1322.2,0.5
53.4,87.7,113.4,177.6,242.1,1322.2,0.5
53.4,86.7,113.4,177.6,243.2,1320.7,0.5
53.4,88.7,113.4,177.6,242.1,1322.2,0.5
53.4,88.7,113.4,177.6,242.1,1322.2,0.5
53.4,86.7,113.4,177.6,242.1,1322.2,0.5
54.6,88.7,113.4,177.6,242.1,1320.7,0.5
54.6,86.7,113.4,177.6,243.2,1322.2,0.5
54.6,88.7,113.4,177.6,242.1,1322.2,0.5
53.4,86.7,113.4,177.6,243.2,1323.7,0.5
53.4,86.7,113.4,177.6,243.2,1322.2,0.5
54.6,86.7,113.4,177.6,243.2,1322.2,0.5
53.4,2.1,108.3,171.6,0.0,1335.6,-1.0
54.6,87.7,115.5,180.0,247.7,1334.1,0.5
54.6,87.7,115.5,181.2,247.7,1332.6,0.5
51.0,84.6,113.4,180.0,247.7,1332.6,0.5
51.0,84.6,113.4,180.0,247.7,1332.6,0.5
51.0,84.6,113.4,178.8,247.7,1332.6,0.5
51.0,85.6,113.4,180.0,246.6,1332.6,0.5
51.0,84.6,113.4,178.8,246.6,1332.6,0.5
51.0,86.7,113.4,178.8,246.6,1331.1,0.5
51.0,84.6,113.4,178.8,246.6,1332.6,0.5
51.0,84.6,113.4,178.8,246.6,1332.6,0.5
51.0,84.6,112.4,178.8,246.6,1332.6,0.5
51.0,84.6,112.4,178.8,246.6,1331.1,0.5
52.2,84.6,113.4,178.8,246.6,1332.6,0.5
54.6,87.7,115.5,181.2,246.6,1332.6,0.5
54.6,87.7,115.5,181.2,246.6,1334.1,0.5
54.6,88.7,114.5,180.0,245.5,1332.6,0.5
54.6,88.7,115.5,180.0,246.6,1334.1,0.5
52.2,86.7,113.4,178.8,245.5,1334.1,0.5
54.6,87.7,114.5,180.0,246.6,1334.1,0.5
54.6,88.7,114.5,180.0,245.5,1334.1,0.5
54.6,87.7,114.5,180.0,245.5,1335.6,0.5
53.4,86.7,114.5,180.0,245.5,1334.1,0.5
54.6,86.7,114.5,180.0,245.5,1334.1,0.5
54.6,86.7,114.5,180.0,245.5,1334.1,0.5
54.6,86.7,114.5,180.0,245.5,1334.1,0.5
54.6,87.7,114.5,180.0,245.5,1335.6,0.5
54.6,86.7,113.4,178.8,245.5,1334.1,0.5
53.4,87.7,113.4,178.8,245.5,1335.6,0.5
54.6,87.7,113.4,178.8,245.5,1335.6,0.5
54.6,87.7,113.4,178.8,245.5,1335.6,0.5
54.6,86.7,113.4,178.8,244.3,1337.1,0.5
54.6,86.7,113.4,178.8,244.3,1335.6,0.5
54.6,87.7,114.5,178.8,244.3,1335.6,0.5
54.6,89.8,114.5,178.8,244.3,1335.6,0.5
54.6,87.7,113.4,178.8,244.3,1335.6,0.5
52.2,86.7,112.4,177.6,244.3,1335.6,0.5
51.0,84.6,111.4,177.6,244.3,1335.6,0.5
51.0,86.7,111.4,176.4,243.2,1337.1,0.5
51.0,83.6,111.4,176.4,243.2,1335.6,0.5
51.0,84.6,111.4,176.4,243.2,1337.1,0.5
53.4,86.7,112.4,177.6,244.3,1337.1,0.5
54.6,87.7,113.4,178.8,243.2,1337.1,0.5
54.6,86.7,113.4,178.8,243.2,1337.1,0.5
54.6,86.7,112.4,177.6,243.2,1338.5,0.5
54.6,87.7,112.4,177.6,243.2,1338.5,0.5
54.6,86.7,112.4,177.6,243.2,1337.1,0.5
54.6,87.7,112.4,177.6,243.2,1337.1,0.5
54.6,86.7,112.4,177.6,243.2,1337.1,0.5
54.6,88.7,112.4,177.6,243.2,1340.0,0.5
54.6,86.7,112.4,177.6,243.2,1338.5,0.5
52.2,86.7,111.4,177.6,243.2,1340.0,0.5
51.0,84.6,110.4,176.4,243.2,1337.1,0.5
52.2,85.6,110.4,176.4,243.2,1340.0,0.5
57.1,2.1,113.4,183.6,0.0,1464.7,-1.0
55.9,91.8,122.6,196.8,270.2,1463.2,0.5
55.9,91.8,123.7,196.8,269.1,1461.7,0.5
55.9,91.8,123.7,196.8,269.1,1461.7,0.5
55.9,92.9,123.7,198.0,270.2,1461.7,0.5
55.9,91.8,123.7,198.0,270.2,1463.2,0.5
55.9,91.8,123.7,198.0,270.2,1463.2,0.5
55.9,91.8,123.7,198.0,270.2,1463.2,0.5
55.9,94.9,123.7,198.0,269.1,1463.2,0.5
55.9,91.8,123.7,198.0,269.1,1463.2,0.5
55.9,91.8,123.7,198.0,270.2,1463.2,0.5
55.9,91.8,123.7,198.0,270.2,1463.2,0.5
55.9,93.9,123.7,198.0,269.1,1463.2,0.5
55.9,91.8,123.7,198.0,269.1,1463.2,0.5
55.9,91.8,123.7,196.8,269.1,1463.2,0.5
55.9,91.8,123.7,196.8,269.1,1463.2,0.5
55.9,93.9,123.7,196.8,269.1,1463.2,0.5
55.9,91.8,123.7,196.8,269.1,1463.2,0.5
55.9,92.9,123.7,198.0,269.1,1463.2,0.5
58.3,94.9,125.7,199.2,269.1,1463.2,0.5
55.9,93.9,123.7,196.8,269.1,1463.2,0.5
58.3,94.9,125.7,199.2,269.1,1463.2,0.5
58.3,94.9,125.7,199.2,269.1,1464.7,0.5
59.5,94.9,125.7,199.2,269.1,1464.7,0.5
59.5,94.9,125.7,199.2,269.1,1464.7,0.5
59.5,94.9,125.7,199.2,269.1,1464.7,0.5
59.5,94.9,125.7,198.0,269.1,1463.2,0.5
59.5,94.9,125.7,199.2,269.1,1464.7,0.5
58.3,97.0,125.7,198.0,269.1,1464.7,0.5
58.3,94.9,125.7,198.0,269.1,1464.7,0.5
59.5,94.9,125.7,198.0,269.1,1464.7,0.5
59.5,94.9,125.7,198.0,269.1,1464.7,0.5
58.3,97.0,125.7,198.0,268.0,1464.7,0.5
58.3,94.9,125.7,198.0,269.1,1464.7,0.5
58.3,94.9,125.7,198.0,268.0,1464.7,0.5
58.3,93.9,124.7,198.0,268.0,1464.7,0.5
58.3,96.0,124.7,198.0,268.0,1464.7,0.5
58.3,94.9,124.7,198.0,268.0,1464.7,0.5
59.5,94.9,125.7,198.0,268.0,1464.7,0.5
59.5,94.9,124.7,198.0,268.0,1464.7,0.5
58.3,94.9,124.7,198.0,268.0,1464.7,0.5
58.3,94.9,124.7,198.0,268.0,1464.7,0.5
58.3,94.9,124.7,198.0,268.0,1464.7,0.5
58.3,94.9,124.7,198.0,268.0,1466.2,0.5
58.3,94.9,124.7,198.0,268.0,1466.2,0.5
58.3,94.9,124.7,198.0,268.0,1466.2,0.5
58.3,94.9,124.7,198.0,268.0,1466.2,0.5
58.3,94.9,124.7,198.0,266.9,1466.2,0.5
58.3,94.9,124.7,196.8,266.9,1466.2,0.5
58.3,94.9,124.7,196.8,266.9,1466.2,0.5
58.3,94.9,124.7,196.8,266.9,1466.2,0.5
58.3,94.9,124.7,196.8,266.9,1466.2,0.5
58.3,94.9,124.7,196.8,266.9,1466.2,0.5
58.3,94.9,124.7,196.8,266.9,1467.7,0.5
58.3,94.9,124.7,196.8,266.9,1467.7,0.5
58.3,96.0,123.7,196.8,266.9,1467.7,0.5
58.3,93.9,123.7,196.8,266.9,1467.7,0.5
58.3,93.9,123.7,196.8,266.9,1467.7,0.5
58.3,93.9,123.7,196.8,266.9,1467.7,0.5
58.3,93.9,123.7,196.8,266.9,1467.7,0.5
58.3,94.9,123.7,196.8,266.9,1467.7,0.5
58.3,94.9,123.7,196.8,266.9,1467.7,0.5
58.3,94.9,123.7,196.8,266.9,1469.1,0.5
58.3,94.9,123.7,196.8,265.7,1467.7,0.5
58.3,94.9,123.7,196.8,266.9,1467.7,0.5
57.1,93.9,123.7,196.8,265.7,1469.1,0.5
59.5,96.0,124.7,196.8,266.9,1488.4,0.5
59.5,94.9,123.7,196.8,266.9,1472.1,0.5
59.5,94.9,123.7,196.8,266.9,1472.1,0.5
58.3,94.9,123.7,196.8,266.9,1472.1,0.5
58.3,94.9,123.7,196.8,266.9,1472.1,0.5
58.3,94.9,123.7,196.8,266.9,1472.1,0.5
58.3,94.9,123.7,196.8,265.7,1472.1,0.5
58.3,94.9,123.7,196.8,265.7,1472.1,0.5
59.5,96.0,123.7,196.8,265.7,1472.1,0.5
59.5,94.9,123.7,196.8,265.7,1472.1,0.5
55.9,92.9,121.6,194.4,265.7,1473.6,0.5
58.3,94.9,123.7,196.8,265.7,1473.6,0.5
59.5,96.0,123.7,196.8,265.7,1473.6,0.5
59.5,94.9,123.7,196.8,265.7,1473.6,0.5
59.5,96.0,123.7,196.8,265.7,1475.1,0.5
59.5,94.9,123.7,196.8,265.7,1475.1,0.5
59.5,97.0,123.7,196.8,265.7,1475.1,0.5
58.3,94.9,123.7,196.8,265.7,1475.1,0.5
58.3,96.0,123.7,195.6,265.7,1475.1,0.5
58.3,94.9,123.7,195.6,265.7,1475.1,0.5
58.3,94.9,123.7,195.6,265.7,1475.1,0.5
58.3,94.9,123.7,195.6,265.7,1475.1,0.5
58.3,94.9,123.7,195.6,265.7,1475.1,0.5
58.3,94.9,123.7,195.6,265.7,1475.1,0.5
58.3,94.9,123.7,195.6,265.7,1475.1,0.5
58.3,94.9,122.6,195.6,265.7,1475.1,0.5
58.3,94.9,122.6,195.6,265.7,1476.6,0.5
58.3,94.9,122.6,195.6,265.7,1475.1,0.5
58.3,94.9,122.6,195.6,265.7,1475.1,0.5
58.3,94.9,122.6,195.6,264.6,1476.6,0.5
58.3,94.9,122.6,195.6,264.6,1476.6,0.5
58.3,93.9,122.6,195.6,264.6,1475.1,0.5
58.3,93.9,122.6,195.6,264.6,1476.6,0.5
58.3,94.9,121.6,194.4,264.6,1476.6,0.5
54.6,91.8,119.6,193.2,264.6,1476.6,0.5
54.6,91.8,119.6,193.2,264.6,1475.1,0.5
64.4,105.2,128.8,211.2,279.2,1696.2,0.5
64.4,105.2,127.7,211.2,278.1,1703.6,0.5
61.9,2.1,118.6,199.2,0.0,1697.7,-1.0
63.1,105.2,129.8,213.6,281.5,1696.2,0.5
60.7,102.1,127.7,212.4,281.5,1694.7,0.5
60.7,103.2,127.7,212.4,281.5,1693.2,0.5
60.7,103.2,127.7,212.4,281.5,1693.2,0.5
60.7,103.2,127.7,212.4,280.4,1693.2,0.5
60.7,103.2,128.8,212.4,280.4,1693.2,0.5
63.1,105.2,130.8,214.8,281.5,1694.7,0.5
63.1,108.3,130.8,214.8,280.4,1693.2,0.4
63.1,105.2,129.8,214.8,281.5,1693.2,0.5
63.1,105.2,129.8,214.8,281.5,1693.2,0.5
63.1,105.2,129.8,213.6,280.4,1693.2,0.5
60.7,104.2,127.7,212.4,280.4,1693.2,0.5
63.1,105.2,129.8,213.6,280.4,1693.2,0.5
63.1,105.2,129.8,213.6,280.4,1691.7,0.5
63.1,105.2,129.8,213.6,280.4,1691.7,0.5
63.1,106.3,129.8,213.6,280.4,1691.7,0.5
63.1,105.2,129.8,213.6,280.4,1693.2,0.5
63.1,105.2,129.8,213.6,280.4,1691.7,0.5
63.1,105.2,129.8,213.6,280.4,1691.7,0.5
63.1,106.3,129.8,213.6,280.4,1691.7,0.5
63.1,104.2,129.8,213.6,280.4,1690.3,0.5
60.7,103.2,127.7,212.4,280.4,1691.7,0.5
60.7,103.2,127.7,212.4,280.4,1691.7,0.5
60.7,103.2,127.7,212.4,280.4,1691.7,0.5
60.7,103.2,127.7,212.4,280.4,1691.7,0.5
60.7,103.2,127.7,212.4,280.4,1691.7,0.5
60.7,105.2,127.7,212.4,279.2,1691.7,0.5
60.7,103.2,127.7,212.4,279.2,1691.7,0.5
60.7,103.2,127.7,212.4,279.2,1691.7,0.5
60.7,103.2,127.7,212.4,279.2,1691.7,0.5
60.7,103.2,127.7,212.4,279.2,1691.7,0.5
60.7,103.2,127.7,212.4,279.2,1691.7,0.5
60.7,103.2,127.7,212.4,279.2,1691.7,0.5
60.7,103.2,127.7,212.4,279.2,1691.7,0.5
60.7,104.2,127.7,212.4,279.2,1691.7,0.5
60.7,103.2,127.7,212.4,279.2,1691.7,0.5
60.7,103.2,127.7,212.4,279.2,1690.3,0.5
60.7,103.2,127.7,211.2,279.2,1691.7,0.5
60.7,103.2,127.7,211.2,279.2,1690.3,0.5
60.7,103.2,126.7,211.2,279.2,1690.3,0.5
63.1,105.2,129.8,213.6,279.2,1690.3,0.5
63.1,105.2,129.8,213.6,279.2,1690.3,0.5
63.1,105.2,129.8,213.6,279.2,1690.3,0.5
63.1,105.2,129.8,213.6,279.2,1691.7,0.5
63.1,105.2,129.8,213.6,279.2,1691.7,0.5
63.1,107.3,128.8,213.6,278.1,1690.3,0.4
63.1,105.2,128.8,212.4,279.2,1690.3,0.5
63.1,105.2,128.8,212.4,278.1,1690.3,0.5
63.1,105.2,128.8,212.4,279.2,1691.7,0.5
63.1,107.3,128.8,212.4,278.1,1691.7,0.4
59.5,1.0,119.6,201.6,0.0,1696.2,-1.0
59.5,102.1,125.7,210.0,278.1,1691.7,0.5
59.5,102.1,126.7,211.2,278.1,1690.3,0.5
59.5,102.1,126.7,211.2,278.1,1690.3,0.5
59.5,102.1,126.7,211.2,278.1,1690.3,0.5
59.5,102.1,126.7,211.2,278.1,1690.3,0.5
59.5,102.1,126.7,211.2,278.1,1690.3,0.5
59.5,107.3,126.7,211.2,277.0,1688.8,0.4
59.5,102.1,126.7,211.2,278.1,1688.8,0.5
59.5,104.2,126.7,211.2,278.1,1688.8,0.5
59.5,102.1,126.7,211.2,278.1,1688.8,0.5
59.5,102.1,126.7,211.2,278.1,1688.8,0.5
59.5,102.1,126.7,211.2,278.1,1688.8,0.5
59.5,104.2,126.7,211.2,277.0,1688.8,0.5
59.5,102.1,126.7,211.2,278.1,1688.8,0.5
59.5,102.1,126.7,211.2,278.1,1688.8,0.5
59.5,102.1,126.7,211.2,278.1,1687.3,0.5
59.5,102.1,126.7,211.2,278.1,1687.3,0.5
59.5,102.1,126.7,211.2,278.1,1688.8,0.5
63.1,110.4,128.8,212.4,278.1,1688.8,0.4
63.1,105.2,128.8,212.4,278.1,1688.8,0.5
63.1,105.2,128.8,212.4,278.1,1688.8,0.5
63.1,105.2,128.8,212.4,278.1,1688.8,0.5
63.1,104.2,128.8,212.4,278.1,1688.8,0.5
63.1,105.2,128.8,212.4,278.1,1688.8,0.5
63.1,105.2,128.8,212.4,278.1,1688.8,0.5
63.1,105.2,128.8,212.4,278.1,1688.8,0.5
63.1,105.2,128.8,212.4,278.1,1687.3,0.5
63.1,105.2,128.8,212.4,277.0,1688.8,0.4
63.1,105.2,128.8,212.4,277.0,1687.3,0.4
63.1,105.2,128.8,211.2,277.0,1687.3,0.4
63.1,104.2,128.8,211.2,277.0,1687.3,0.5
63.1,105.2,128.8,211.2,277.0,1687.3,0.4
63.1,106.3,128.8,211.2,277.0,1687.3,0.4
63.1,104.2,127.7,211.2,277.0,1687.3,0.5
63.1,105.2,128.8,211.2,277.0,1687.3,0.4
63.1,105.2,127.7,211.2,277.0,1687.3,0.4
63.1,106.3,127.7,211.2,275.9,1687.3,0.4
63.1,104.2,127.7,211.2,277.0,1685.8,0.5
63.1,105.2,127.7,211.2,277.0,1687.3,0.4
63.1,104.2,127.7,211.2,277.0,1685.8,0.5
61.9,104.2,127.7,211.2,277.0,1687.3,0.5
63.1,104.2,127.7,211.2,277.0,1687.3,0.5
63.1,104.2,127.7,211.2,277.0,1685.8,0.5
63.1,104.2,127.7,211.2,275.9,1685.8,0.5
63.1,104.2,127.7,211.2,275.9,1685.8,0.5
63.1,104.2,127.7,211.2,275.9,1685.8,0.5
63.1,104.2,127.7,211.2,275.9,1685.8,0.5
61.9,104.2,126.7,211.2,275.9,1685.8,0.5
60.7,102.1,125.7,210.0,275.9,1685.8,0.5
60.7,102.1,125.7,210.0,275.9,1685.8,0.5
60.7,102.1,125.7,210.0,275.9,1685.8,0.5
60.7,102.1,125.7,210.0,275.9,1685.8,0.5
60.7,103.2,125.7,210.0,275.9,1687.3,0.5
60.7,102.1,125.7,210.0,275.9,1685.8,0.5
60.7,103.2,125.7,210.0,275.9,1685.8,0.5
60.7,102.1,125.7,210.0,275.9,1685.8,0.5
60.7,102.1,125.7,210.0,275.9,1685.8,0.5
60.7,102.1,125.7,208.8,275.9,1685.8,0.5
60.7,104.2,125.7,208.8,274.7,1685.8,0.5
60.7,102.1,125.7,208.8,275.9,1685.8,0.5
60.7,102.1,125.7,208.8,275.9,1685.8,0.5
60.7,102.1,125.7,208.8,275.9,1685.8,0.5
60.7,102.1,125.7,208.8,275.9,1685.8,0.5
60.7,102.1,125.7,208.8,275.9,1685.8,0.5
60.7,102.1,125.7,208.8,275.9,1685.8,0.5
60.7,102.1,125.7,208.8,275.9,1685.8,0.5
61.9,103.2,126.7,210.0,274.7,1685.8,0.5
63.1,106.3,127.7,210.0,274.7,1685.8,0.4
61.9,104.2,126.7,210.0,275.9,1685.8,0.5
61.9,104.2,126.7,210.0,274.7,1685.8,0.5
61.9,103.2,126.7,210.0,274.7,1685.8,0.5
61.9,106.3,126.7,210.0,274.7,1685.8,0.4
60.7,102.1,124.7,208.8,274.7,1685.8,0.5
59.5,1.0,117.5,199.2,0.0,1685.8,-1.0
59.5,101.1,125.7,208.8,277.0,1684.3,0.5
59.5,101.1,125.7,210.0,277.0,1684.3,0.5
59.5,101.1,125.7,210.0,277.0,1682.8,0.5
59.5,101.1,125.7,210.0,277.0,1682.8,0.5
59.5,101.1,125.7,210.0,277.0,1682.8,0.5
59.5,101.1,125.7,210.0,277.0,1681.3,0.5
59.5,101.1,125.7,210.0,277.0,1681.3,0.5
59.5,102.1,125.7,210.0,277.0,1681.3,0.5
59.5,101.1,125.7,210.0,277.0,1681.3,0.5
59.5,101.1,125.7,210.0,277.0,1681.3,0.5
59.5,101.1,125.7,210.0,277.0,1681.3,0.5
59.5,101.1,125.7,210.0,275.9,1679.9,0.5
59.5,101.1,125.7,210.0,277.0,1681.3,0.5
59.5,101.1,125.7,210.0,275.9,1679.9,0.5
59.5,101.1,125.7,210.0,275.9,1681.3,0.5
59.5,101.1,125.7,208.8,275.9,1679.9,0.5
59.5,101.1,125.7,208.8,275.9,1679.9,0.5
59.5,101.1,125.7,208.8,275.9,1679.9,0.5
59.5,101.1,124.7,208.8,275.9,1679.9,0.5
59.5,101.1,124.7,208.8,275.9,1679.9,0.5
59.5,101.1,124.7,208.8,275.9,1679.9,0.5
59.5,102.1,124.7,208.8,274.7,1678.4,0.5
59.5,101.1,124.7,208.8,275.9,1679.9,0.5
59.5,101.1,124.7,208.8,275.9,1678.4,0.5
59.5,101.1,124.7,208.8,274.7,1679.9,0.5
59.5,101.1,124.7,208.8,275.9,1678.4,0.5
59.5,101.1,124.7,208.8,274.7,1678.4,0.5
59.5,101.1,124.7,208.8,274.7,1679.9,0.5
59.5,102.1,124.7,208.8,274.7,1678.4,0.5
59.5,101.1,124.7,208.8,274.7,1678.4,0.5
59.5,101.1,124.7,208.8,274.7,1678.4,0.5
59.5,101.1,124.7,208.8,274.7,1678.4,0.5
59.5,101.1,124.7,208.8,274.7,1678.4,0.5
59.5,101.1,124.7,208.8,274.7,1678.4,0.5
59.5,101.1,124.7,208.8,274.7,1678.4,0.5
61.9,102.1,126.7,210.0,274.7,1678.4,0.5
61.9,103.2,126.7,210.0,274.7,1678.4,0.5
59.5,101.1,124.7,208.8,274.7,1678.4,0.5
59.5,101.1,124.7,208.8,274.7,1678.4,0.5
59.5,101.1,124.7,208.8,274.7,1678.4,0.5
59.5,101.1,124.7,208.8,274.7,1678.4,0.5
59.5,101.1,124.7,208.8,274.7,1678.4,0.5
60.7,101.1,124.7,208.8,274.7,1678.4,0.5
60.7,102.1,124.7,208.8,274.7,1678.4,0.5
59.5,101.1,124.7,208.8,274.7,1678.4,0.5
59.5,101.1,124.7,208.8,274.7,1678.4,0.5
59.5,101.1,124.7,208.8,274.7,1678.4,0.5
60.7,104.2,124.7,208.8,273.6,1676.9,0.4
60.7,101.1,124.7,208.8,274.7,1678.4,0.5
59.5,101.1,124.7,208.8,273.6,1678.4,0.5
59.5,101.1,124.7,208.8,273.6,1676.9,0.5
59.5,104.2,124.7,208.8,273.6,1676.9,0.4
59.5,101.1,124.7,208.8,273.6,1676.9,0.5
60.7,1.0,120.6,202.8,0.0,1684.3,-1.0
59.5,101.1,123.7,207.6,273.6,1682.8,0.5
59.5,101.1,123.7,207.6,273.6,1681.3,0.5
59.5,101.1,123.7,207.6,273.6,1679.9,0.5
59.5,101.1,123.7,207.6,273.6,1679.9,0.5
59.5,101.1,123.7,207.6,273.6,1679.9,0.5
59.5,101.1,124.7,207.6,273.6,1679.9,0.5
59.5,101.1,124.7,207.6,273.6,1679.9,0.5
59.5,101.1,123.7,207.6,273.6,1679.9,0.5
59.5,101.1,123.7,207.6,273.6,1678.4,0.5
59.5,101.1,123.7,207.6,273.6,1679.9,0.5
59.5,101.1,123.7,207.6,273.6,1678.4,0.5
59.5,103.2,123.7,207.6,272.5,1679.9,0.5
59.5,101.1,123.7,207.6,273.6,1678.4,0.5
59.5,101.1,123.7,207.6,272.5,1678.4,0.5
59.5,101.1,123.7,207.6,272.5,1678.4,0.5
59.5,103.2,123.7,207.6,272.5,1678.4,0.5
59.5,101.1,123.7,207.6,272.5,1679.9,0.5
59.5,101.1,123.7,207.6,272.5,1678.4,0.5
60.7,101.1,124.7,207.6,272.5,1678.4,0.5
59.5,103.2,123.7,207.6,272.5,1678.4,0.5
59.5,101.1,123.7,207.6,272.5,1678.4,0.5
59.5,102.1,123.7,207.6,272.5,1678.4,0.5
59.5,101.1,123.7,207.6,272.5,1678.4,0.5
59.5,102.1,123.7,207.6,272.5,1678.4,0.5
59.5,100.1,123.7,206.4,272.5,1678.4,0.5
58.3,100.1,123.7,206.4,272.5,1678.4,0.5
58.3,100.1,123.7,206.4,272.5,1678.4,0.5
59.5,100.1,123.7,206.4,272.5,1676.9,0.5
59.5,100.1,123.7,207.6,272.5,1678.4,0.5
59.5,100.1,123.7,206.4,272.5,1678.4,0.5
59.5,101.1,123.7,206.4,272.5,1678.4,0.5
59.5,100.1,123.7,206.4,272.5,1678.4,0.5
59.5,101.1,123.7,206.4,272.5,1676.9,0.5
59.5,100.1,123.7,206.4,272.5,1676.9,0.5
60.7,1.0,120.6,202.8,0.0,1678.4,-1.0
61.9,103.2,123.7,206.4,269.1,1678.4,0.4
59.5,101.1,121.6,205.2,269.1,1678.4,0.5
59.5,101.1,121.6,205.2,269.1,1676.9,0.5
59.5,101.1,121.6,205.2,269.1,1676.9,0.5
59.5,101.1,121.6,205.2,269.1,1676.9,0.5
59.5,101.1,121.6,205.2,269.1,1676.9,0.5
58.3,101.1,121.6,205.2,269.1,1676.9,0.5
58.3,101.1,121.6,205.2,269.1,1676.9,0.5
58.3,100.1,121.6,205.2,268.0,1676.9,0.5
58.3,100.1,121.6,205.2,269.1,1676.9,0.5
58.3,102.1,121.6,205.2,268.0,1675.4,0.4
58.3,100.1,121.6,205.2,268.0,1676.9,0.5
58.3,100.1,121.6,205.2,268.0,1676.9,0.5
58.3,100.1,121.6,205.2,268.0,1676.9,0.5
58.3,101.1,121.6,205.2,268.0,1676.9,0.5
58.3,100.1,121.6,205.2,269.1,1676.9,0.5
58.3,100.1,121.6,205.2,268.0,1676.9,0.5
59.5,101.1,121.6,205.2,268.0,1676.9,0.5
61.9,103.2,123.7,206.4,268.0,1676.9,0.4
59.5,101.1,122.6,205.2,268.0,1676.9,0.5
59.5,102.1,122.6,205.2,268.0,1675.4,0.4
60.7,101.1,122.6,205.2,268.0,1675.4,0.5
60.7,102.1,122.6,205.2,268.0,1675.4,0.4
60.7,108.3,122.6,205.2,266.9,1676.9,0.4
60.7,102.1,122.6,205.2,268.0,1675.4,0.4
60.7,102.1,122.6,205.2,268.0,1676.9,0.4
60.7,102.1,122.6,205.2,268.0,1675.4,0.4
60.7,102.1,122.6,205.2,268.0,1675.4,0.4
60.7,102.1,122.6,205.2,268.0,1675.4,0.4
60.7,102.1,122.6,205.2,268.0,1675.4,0.4
59.5,101.1,121.6,205.2,268.0,1675.4,0.5
59.5,101.1,121.6,205.2,268.0,1675.4,0.5
60.7,102.1,122.6,205.2,266.9,1675.4,0.4
59.5,101.1,121.6,204.0,266.9,1675.4,0.5
60.7,102.1,122.6,205.2,266.9,1675.4,0.4
60.7,102.1,122.6,205.2,266.9,1675.4,0.4
60.7,103.2,122.6,205.2,266.9,1675.4,0.4
60.7,102.1,122.6,205.2,266.9,1675.4,0.4
60.7,102.1,122.6,205.2,266.9,1675.4,0.4
59.5,101.1,121.6,205.2,266.9,1675.4,0.5
60.7,102.1,122.6,205.2,266.9,1673.9,0.4
60.7,102.1,122.6,205.2,266.9,1675.4,0.4
60.7,102.1,122.6,205.2,266.9,1675.4,0.4
60.7,102.1,122.6,205.2,266.9,1675.4,0.4
60.7,102.1,122.6,205.2,266.9,1675.4,0.4
60.7,102.1,122.6,205.2,266.9,1675.4,0.4
60.7,102.1,122.6,205.2,266.9,1675.4,0.4
59.5,2.1,116.5,198.0,0.0,1679.9,-1.0
60.7,101.1,122.6,205.2,269.1,1678.4,0.5
60.7,101.1,122.6,205.2,269.1,1676.9,0.5
60.7,101.1,122.6,205.2,269.1,1675.4,0.5
60.7,101.1,122.6,205.2,269.1,1675.4,0.5
60.7,101.1,122.6,205.2,269.1,1675.4,0.5
60.7,102.1,122.6,205.2,269.1,1675.4,0.4
60.7,101.1,122.6,205.2,269.1,1673.9,0.5
60.7,101.1,122.6,205.2,269.1,1675.4,0.5
60.7,101.1,122.6,205.2,269.1,1673.9,0.5
60.7,103.2,122.6,205.2,268.0,1673.9,0.4
60.7,101.1,122.6,205.2,268.0,1673.9,0.5
60.7,101.1,122.6,205.2,268.0,1673.9,0.5
60.7,102.1,122.6,205.2,268.0,1673.9,0.4
60.7,102.1,122.6,205.2,268.0,1673.9,0.4
60.7,102.1,122.6,205.2,268.0,1673.9,0.4
60.7,102.1,122.6,205.2,268.0,1673.9,0.4
60.7,102.1,122.6,205.2,268.0,1675.4,0.4
60.7,101.1,122.6,205.2,268.0,1673.9,0.5
60.7,102.1,122.6,205.2,268.0,1673.9,0.4
60.7,102.1,122.6,205.2,268.0,1673.9,0.4
60.7,102.1,122.6,205.2,268.0,1673.9,0.4
60.7,2.1,119.6,201.6,0.0,1676.9,-1.0
63.1,1.0,133.9,225.6,0.0,1795.6,-1.0
64.4,107.3,142.1,235.2,324.3,1792.6,0.5
66.8,109.4,144.1,237.6,325.4,1791.2,0.5
66.8,109.4,144.1,237.6,324.3,1789.7,0.5
66.8,109.4,144.1,237.6,324.3,1791.2,0.5
66.8,110.4,144.1,237.6,324.3,1789.7,0.5
66.8,109.4,144.1,237.6,324.3,1788.2,0.5
66.8,109.4,144.1,237.6,324.3,1788.2,0.5
35.2,11.3,29.6,27.6,6.8,20.8,-0.3
35.2,35.1,29.6,27.6,21.4,20.8,-0.2
35.2,35.1,29.6,27.6,21.4,20.8,-0.2
35.2,35.1,29.6,27.6,21.4,20.8,-0.2
35.2,35.1,29.6,27.6,22.5,20.8,-0.2
35.2,35.1,29.6,27.6,22.5,22.3,-0.2
35.2,35.1,29.6,27.6,21.4,20.8,-0.2
37.6,38.2,31.7,30.0,23.6,23.7,-0.2
32.8,28.9,28.6,28.8,19.1,26.7,-0.2
69.2,127.9,255.5,334.8,182.4,980.9,0.2
69.2,126.9,253.5,332.4,181.3,979.4,0.2
69.2,126.9,252.4,331.2,180.2,979.4,0.2
68.0,125.9,249.4,328.8,180.2,979.4,0.2
64.4,123.8,246.3,326.4,179.0,977.9,0.2
64.4,121.8,245.3,325.2,177.9,977.9,0.2
61.9,119.7,242.2,321.6,177.9,977.9,0.2
64.4,120.7,242.2,321.6,176.8,977.9,0.2
63.1,118.7,239.1,319.2,175.7,977.9,0.2
61.9,118.7,237.1,315.6,174.5,976.5,0.2
60.7,116.6,234.0,313.2,173.4,976.5,0.2
60.7,115.6,231.0,310.8,171.2,976.5,0.2
60.7,115.6,228.9,307.2,170.0,976.5,0.2
60.7,114.5,225.9,304.8,168.9,976.5,0.2
66.8,120.7,228.9,304.8,167.8,976.5,0.2
66.8,119.7,225.9,302.4,166.6,976.5,0.2
66.8,118.7,222.8,298.8,165.5,976.5,0.2
65.6,118.7,219.7,295.2,163.3,976.5,0.2
65.6,117.6,216.7,292.8,162.1,976.5,0.2
64.4,115.6,213.6,289.2,161.0,976.5,0.2
64.4,115.6,210.5,286.8,159.9,976.5,0.2
64.4,114.5,208.5,283.2,158.8,975.0,0.2
63.1,113.5,205.4,280.8,157.6,976.5,0.2
63.1,112.5,203.4,278.4,156.5,975.0,0.2
63.1,112.5,201.3,276.0,155.4,975.0,0.2
63.1,112.5,199.3,273.6,154.3,975.0,0.2
61.9,110.4,196.2,271.2,153.1,975.0,0.2
59.5,108.3,193.2,268.8,153.1,975.0,0.2
60.7,109.4,192.1,266.4,152.0,975.0,0.2
60.7,109.4,191.1,265.2,150.9,975.0,0.2
60.7,110.4,190.1,264.0,150.9,975.0,0.2
60.7,110.4,188.0,262.8,149.8,975.0,0.2
59.5,107.3,187.0,260.4,149.8,975.0,0.2
35.2,37.1,29.6,28.8,23.6,23.7,-0.2
37.6,55.7,134.9,160.8,101.3,268.6,0.3
37.6,55.7,134.9,162.0,100.2,270.1,0.3
36.4,53.7,130.8,158.4,99.1,270.1,0.3
36.4,53.7,128.8,156.0,98.0,271.6,0.3
31.6,47.5,121.6,150.0,96.8,270.1,0.3
31.6,48.5,119.6,147.6,95.7,270.1,0.3
31.6,47.5,116.5,144.0,93.5,270.1,0.3
32.8,49.5,115.5,142.8,92.3,271.6,0.3
31.6,49.5,113.4,140.4,91.2,270.1,0.3
31.6,47.5,110.4,136.8,90.1,271.6,0.3
30.4,45.4,107.3,134.4,89.0,270.1,0.3
35.2,50.6,110.4,135.6,87.8,271.6,0.3
36.4,50.6,109.4,134.4,87.8,271.6,0.3
36.4,51.6,108.3,133.2,86.7,271.6,0.3
36.4,50.6,107.3,132.0,86.7,271.6,0.3
36.4,50.6,107.3,132.0,85.6,271.6,0.3
36.4,50.6,106.3,130.8,85.6,271.6,0.3
36.4,50.6,105.3,129.6,85.6,271.6,0.3
35.2,50.6,105.3,129.6,84.4,271.6,0.3
35.2,49.5,104.2,128.4,84.4,271.6,0.3
35.2,49.5,104.2,128.4,84.4,271.6,0.3
36.4,50.6,104.2,128.4,84.4,271.6,0.3
36.4,50.6,104.2,128.4,84.4,271.6,0.3
36.4,50.6,104.2,128.4,84.4,271.6,0.3
36.4,50.6,104.2,128.4,84.4,271.6,0.3
35.2,49.5,103.2,128.4,84.4,271.6,0.3
35.2,49.5,103.2,127.2,84.4,271.6,0.3
35.2,49.5,103.2,127.2,84.4,271.6,0.3
35.2,49.5,103.2,127.2,84.4,271.6,0.3
35.2,49.5,103.2,127.2,84.4,271.6,0.3
35.2,49.5,103.2,127.2,84.4,271.6,0.3
35.2,49.5,103.2,127.2,85.6,271.6,0.3
35.2,49.5,103.2,128.4,85.6,271.6,0.3
35.2,49.5,103.2,128.4,85.6,271.6,0.3
35.2,49.5,103.2,128.4,85.6,271.6,0.3
35.2,49.5,103.2,127.2,85.6,271.6,0.3
35.2,49.5,103.2,128.4,85.6,271.6,0.3
34.0,48.5,102.2,127.2,85.6,271.6,0.3
32.8,47.5,102.2,127.2,85.6,271.6,0.3
32.8,47.5,102.2,127.2,85.6,271.6,0.3
29.1,43.3,98.1,124.8,85.6,271.6,0.3
27.9,43.3,98.1,124.8,85.6,271.6,0.3
19.4,11.3,16.4,13.2,20.3,37.1,0.3
64.4,102.1,96.1,174.0,593.4,1917.3,0.7
64.4,99.1,96.1,174.0,594.5,1918.8,0.7
68.0,101.1,97.1,175.2,595.7,1918.8,0.7
68.0,101.1,98.1,175.2,595.7,1918.8,0.7
66.8,100.1,97.1,175.2,594.5,1918.8,0.7
66.8,102.1,97.1,175.2,592.3,1918.8,0.7
64.4,98.0,96.1,174.0,594.5,1918.8,0.7
64.4,98.0,96.1,174.0,594.5,1918.8,0.7
64.4,99.1,96.1,174.0,594.5,1918.8,0.7
64.4,99.1,96.1,174.0,594.5,1918.8,0.7
65.6,100.1,97.1,175.2,594.5,1920.3,0.7
68.0,104.2,97.1,175.2,593.4,1920.3,0.7
65.6,101.1,97.1,175.2,594.5,1918.8,0.7
65.6,100.1,96.1,175.2,594.5,1918.8,0.7
68.0,101.1,98.1,175.2,595.7,1918.8,0.7
68.0,102.1,98.1,175.2,594.5,1918.8,0.7
68.0,103.2,98.1,175.2,594.5,1918.8,0.7
68.0,103.2,98.1,175.2,595.7,1918.8,0.7
65.6,100.1,96.1,174.0,593.4,1918.8,0.7
68.0,101.1,98.1,175.2,595.7,1918.8,0.7
68.0,102.1,98.1,176.4,595.7,1918.8,0.7
68.0,102.1,98.1,175.2,595.7,1918.8,0.7
68.0,102.1,98.1,176.4,594.5,1918.8,0.7
68.0,102.1,98.1,175.2,595.7,1920.3,0.7
68.0,102.1,98.1,175.2,594.5,1918.8,0.7
68.0,102.1,98.1,176.4,594.5,1920.3,0.7
68.0,102.1,98.1,175.2,594.5,1918.8,0.7
68.0,102.1,98.1,176.4,595.7,1918.8,0.7
68.0,102.1,98.1,176.4,595.7,1918.8,0.7
68.0,102.1,98.1,176.4,595.7,1920.3,0.7
68.0,102.1,98.1,175.2,594.5,1920.3,0.7
68.0,102.1,98.1,175.2,594.5,1918.8,0.7
68.0,102.1,98.1,175.2,594.5,1918.8,0.7
68.0,102.1,98.1,175.2,595.7,1918.8,0.7
68.0,101.1,98.1,175.2,594.5,1920.3,0.7
68.0,101.1,98.1,175.2,594.5,1920.3,0.7
68.0,101.1,98.1,175.2,595.7,1918.8,0.7
68.0,102.1,98.1,175.2,594.5,1918.8,0.7
68.0,104.2,98.1,175.2,593.4,1918.8,0.7
68.0,104.2,98.1,175.2,593.4,1920.3,0.7
68.0,102.1,98.1,176.4,594.5,1918.8,0.7
68.0,102.1,98.1,175.2,594.5,1918.8,0.7
68.0,102.1,98.1,175.2,594.5,1918.8,0.7
68.0,102.1,98.1,176.4,594.5,1918.8,0.7
68.0,102.1,98.1,176.4,594.5,1918.8,0.7
68.0,102.1,98.1,175.2,595.7,1918.8,0.7
68.0,102.1,98.1,176.4,595.7,1920.3,0.7
68.0,102.1,98.1,176.4,594.5,1920.3,0.7
68.0,102.1,98.1,176.4,594.5,1920.3,0.7
68.0,103.2,98.1,175.2,594.5,1918.8,0.7
68.0,102.1,98.1,176.4,595.7,1918.8,0.7
68.0,101.1,98.1,175.2,594.5,1918.8,0.7
64.4,99.1,95.0,174.0,594.5,1920.3,0.7
64.4,98.0,95.0,174.0,593.4,1920.3,0.7
64.4,99.1,96.1,174.0,593.4,1918.8,0.7
68.0,102.1,98.1,175.2,594.5,1918.8,0.7
68.0,102.1,98.1,175.2,594.5,1920.3,0.7
68.0,102.1,98.1,175.2,594.5,1918.8,0.7
68.0,102.1,98.1,176.4,594.5,1918.8,0.7
68.0,101.1,98.1,175.2,594.5,1918.8,0.7
68.0,102.1,98.1,175.2,594.5,1918.8,0.7
68.0,101.1,98.1,175.2,594.5,1920.3,0.7
68.0,102.1,98.1,175.2,594.5,1920.3,0.7
68.0,101.1,98.1,175.2,593.4,1918.8,0.7
66.8,103.2,97.1,175.2,593.4,1918.8,0.7
68.0,101.1,97.1,175.2,594.5,1918.8,0.7
68.0,101.1,98.1,175.2,594.5,1918.8,0.7
68.0,101.1,98.1,175.2,594.5,1920.3,0.7
64.4,99.1,96.1,174.0,593.4,1918.8,0.7
66.8,104.2,97.1,175.2,593.4,1918.8,0.7
64.4,99.1,96.1,174.0,593.4,1918.8,0.7
68.0,102.1,98.1,175.2,594.5,1920.3,0.7
68.0,102.1,98.1,175.2,594.5,1918.8,0.7
68.0,102.1,98.1,175.2,594.5,1918.8,0.7
68.0,102.1,98.1,175.2,594.5,1918.8,0.7
68.0,105.2,98.1,176.4,593.4,1920.3,0.7
66.8,100.1,97.1,175.2,594.5,1918.8,0.7
66.8,100.1,97.1,175.2,594.5,1918.8,0.7
68.0,102.1,98.1,176.4,594.5,1918.8,0.7
68.0,102.1,98.1,176.4,594.5,1918.8,0.7
68.0,102.1,98.1,175.2,594.5,1918.8,0.7
68.0,102.1,98.1,175.2,594.5,1918.8,0.7
68.0,102.1,98.1,175.2,594.5,1920.3,0.7
68.0,102.1,98.1,176.4,594.5,1918.8,0.7
68.0,102.1,98.1,175.2,594.5,1920.3,0.7
68.0,101.1,97.1,175.2,594.5,1918.8,0.7
68.0,101.1,98.1,175.2,594.5,1918.8,0.7
68.0,101.1,97.1,175.2,594.5,1918.8,0.7
66.8,101.1,97.1,175.2,594.5,1918.8,0.7
66.8,101.1,97.1,175.2,594.5,1920.3,0.7
65.6,101.1,97.1,175.2,594.5,1918.8,0.7
66.8,101.1,97.1,175.2,594.5,1918.8,0.7
63.1,98.0,95.0,172.8,593.4,1918.8,0.7
81.4,132.1,106.3,192.0,112.6,2044.9,-0.1
53.4,81.5,58.3,97.2,171.2,1185.7,0.4
53.4,81.5,58.3,97.2,170.0,1181.2,0.4
52.2,80.5,57.2,97.2,170.0,1175.3,0.4
52.2,80.5,57.2,97.2,170.0,1172.3,0.4
46.1,74.3,52.1,92.4,168.9,1169.4,0.4
49.8,75.3,55.2,94.8,167.8,1164.9,0.4
52.2,79.4,57.2,96.0,167.8,1163.4,0.4
47.4,78.4,56.2,94.8,167.8,1160.5,0.4
52.2,80.5,57.2,96.0,167.8,1157.5,0.4
52.2,80.5,57.2,96.0,167.8,1156.0,0.4
53.4,81.5,58.3,96.0,167.8,1154.5,0.3
52.2,84.6,58.3,96.0,166.6,1153.1,0.3
49.8,76.4,55.2,93.6,166.6,1150.1,0.4
53.4,81.5,58.3,96.0,166.6,1150.1,0.3
53.4,80.5,58.3,96.0,166.6,1148.6,0.3
51.0,79.4,56.2,94.8,166.6,1147.1,0.4
48.6,76.4,54.2,92.4,165.5,1145.6,0.4
53.4,81.5,58.3,96.0,166.6,1144.1,0.3
53.4,80.5,57.2,94.8,166.6,1144.1,0.3
52.2,79.4,57.2,94.8,165.5,1142.7,0.4
53.4,80.5,57.2,94.8,165.5,1142.7,0.3
53.4,80.5,57.2,96.0,165.5,1141.2,0.3
53.4,80.5,57.2,94.8,165.5,1139.7,0.3
46.1,74.3,52.1,91.2,165.5,1139.7,0.4
48.6,77.4,54.2,92.4,165.5,1138.2,0.4
51.0,78.4,56.2,94.8,165.5,1138.2,0.4
52.2,79.4,57.2,94.8,165.5,1138.2,0.4
49.8,77.4,55.2,93.6,165.5,1136.7,0.4
51.0,78.4,56.2,93.6,165.5,1136.7,0.4
51.0,80.5,56.2,93.6,164.4,1136.7,0.3
51.0,78.4,56.2,93.6,165.5,1135.2,0.4
51.0,77.4,56.2,93.6,165.5,1135.2,0.4
51.0,78.4,56.2,93.6,165.5,1133.8,0.4
51.0,78.4,56.2,93.6,164.4,1133.8,0.4
51.0,78.4,56.2,93.6,164.4,1133.8,0.4
51.0,78.4,56.2,93.6,164.4,1132.3,0.4
49.8,75.3,51.1,92.4,164.4,1132.3,0.4
52.2,80.5,57.2,94.8,164.4,1132.3,0.3
52.2,78.4,56.2,93.6,164.4,1132.3,0.4
52.2,80.5,57.2,94.8,164.4,1130.8,0.3
52.2,80.5,57.2,94.8,164.4,1130.8,0.3
52.2,80.5,56.2,93.6,164.4,1130.8,0.3
34.0,38.2,28.6,30.0,23.6,23.7,-0.2
70.4,103.2,85.8,145.2,556.2,1806.0,0.7
70.4,103.2,85.8,145.2,556.2,1806.0,0.7
70.4,103.2,85.8,145.2,556.2,1804.5,0.7
71.6,103.2,85.8,145.2,555.1,1806.0,0.7
70.4,103.2,85.8,145.2,556.2,1806.0,0.7
70.4,103.2,85.8,145.2,555.1,1806.0,0.7
70.4,103.2,85.8,145.2,555.1,1806.0,0.7
70.4,103.2,85.8,145.2,555.1,1806.0,0.7
70.4,103.2,85.8,145.2,556.2,1806.0,0.7
70.4,103.2,85.8,145.2,556.2,1806.0,0.7
70.4,103.2,85.8,145.2,556.2,1807.5,0.7
71.6,103.2,85.8,145.2,556.2,1807.5,0.7
70.4,103.2,85.8,145.2,555.1,1806.0,0.7
70.4,103.2,85.8,145.2,556.2,1807.5,0.7
70.4,103.2,85.8,145.2,555.1,1807.5,0.7
70.4,103.2,85.8,145.2,556.2,1806.0,0.7
70.4,103.2,85.8,145.2,555.1,1806.0,0.7
70.4,102.1,85.8,145.2,555.1,1807.5,0.7
70.4,103.2,85.8,145.2,555.1,1807.5,0.7
70.4,105.2,85.8,145.2,554.0,1807.5,0.7
71.6,103.2,85.8,145.2,556.2,1807.5,0.7
70.4,103.2,85.8,145.2,556.2,1807.5,0.7
68.0,99.1,83.8,144.0,554.0,1807.5,0.7
68.0,101.1,83.8,144.0,554.0,1807.5,0.7
37.6,12.4,31.7,30.0,7.9,23.7,-0.2
35.2,35.1,29.6,27.6,21.4,20.8,-0.2
34.0,34.0,29.6,27.6,21.4,20.8,-0.2
34.0,34.0,28.6,26.4,21.4,20.8,-0.2
37.6,38.2,31.7,30.0,23.6,23.7,-0.2
37.6,38.2,31.7,30.0,23.6,22.3,-0.2
37.6,38.2,31.7,30.0,23.6,23.7,-0.2
37.6,37.1,31.7,30.0,23.6,23.7,-0.2
36.4,33.0,28.6,26.4,21.4,22.3,-0.2
75.3,110.4,77.7,142.8,557.4,2110.2,0.7
75.3,110.4,77.7,142.8,556.2,2108.7,0.7
75.3,110.4,77.7,142.8,556.2,2108.7,0.7
75.3,110.4,77.7,142.8,556.2,2107.2,0.7
74.1,110.4,76.6,141.6,555.1,2105.8,0.7
76.5,110.4,77.7,142.8,556.2,2105.8,0.7
75.3,110.4,77.7,142.8,555.1,2105.8,0.7
75.3,111.4,77.7,141.6,555.1,2105.8,0.7
75.3,110.4,77.7,141.6,555.1,2105.8,0.7
75.3,110.4,77.7,141.6,555.1,2104.3,0.7
75.3,110.4,77.7,141.6,555.1,2105.8,0.7
75.3,111.4,77.7,141.6,555.1,2105.8,0.7
75.3,111.4,77.7,141.6,555.1,2104.3,0.7
75.3,111.4,77.7,141.6,555.1,2104.3,0.7
75.3,110.4,77.7,141.6,555.1,2104.3,0.7
75.3,111.4,77.7,142.8,555.1,2104.3,0.7
75.3,110.4,76.6,141.6,555.1,2104.3,0.7
72.9,109.4,75.6,140.4,554.0,2102.8,0.7
72.9,108.3,75.6,140.4,555.1,2104.3,0.7
75.3,111.4,77.7,141.6,556.2,2104.3,0.7
75.3,111.4,77.7,141.6,555.1,2104.3,0.7
75.3,110.4,77.7,141.6,555.1,2104.3,0.7
75.3,110.4,77.7,141.6,555.1,2104.3,0.7
74.1,109.4,75.6,141.6,555.1,2104.3,0.7
72.9,108.3,75.6,140.4,554.0,2102.8,0.7
72.9,108.3,75.6,140.4,552.9,2104.3,0.7
72.9,111.4,75.6,140.4,552.9,2104.3,0.7
75.3,111.4,77.7,141.6,556.2,2104.3,0.7
75.3,110.4,77.7,141.6,555.1,2104.3,0.7
37.6,33.0,28.6,26.4,21.4,77.2,-0.2
85.0,138.3,132.9,222.0,413.2,2260.1,0.5
92.3,139.3,132.9,222.0,414.4,2295.7,0.5
91.1,138.3,131.8,222.0,414.4,2297.2,0.5
91.1,137.2,131.8,220.8,414.4,2297.2,0.5
82.6,130.0,124.7,216.0,414.4,2295.7,0.5
82.6,129.0,124.7,216.0,413.2,2294.2,0.5
89.9,137.2,130.8,220.8,414.4,2295.7,0.5
92.3,138.3,132.9,222.0,414.4,2295.7,0.5
92.3,138.3,131.8,222.0,414.4,2295.7,0.5
92.3,138.3,131.8,222.0,414.4,2295.7,0.5
92.3,138.3,131.8,222.0,414.4,2295.7,0.5
91.1,137.2,131.8,220.8,414.4,2294.2,0.5
91.1,141.4,131.8,222.0,413.2,2295.7,0.5
91.1,141.4,131.8,222.0,413.2,2295.7,0.5
91.1,137.2,131.8,220.8,414.4,2295.7,0.5
92.3,138.3,131.8,222.0,414.4,2295.7,0.5
92.3,138.3,131.8,222.0,414.4,2295.7,0.5
92.3,138.3,131.8,222.0,414.4,2294.2,0.5
92.3,139.3,132.9,222.0,414.4,2295.7,0.5
92.3,139.3,132.9,222.0,414.4,2295.7,0.5
92.3,138.3,132.9,222.0,414.4,2295.7,0.5
47.4,33.0,29.6,27.6,22.5,684.1,-0.2
65.6,40.2,174.8,232.8,70.9,706.4,0.3
76.5,137.2,279.0,361.2,179.0,869.6,0.1
74.1,135.2,275.9,357.6,177.9,869.6,0.1
74.1,136.2,274.9,356.4,176.8,868.1,0.1
74.1,136.2,273.9,355.2,176.8,868.1,0.1
74.1,135.2,271.8,354.0,175.7,868.1,0.1
72.9,133.1,269.8,351.6,175.7,866.6,0.1
72.9,133.1,268.8,349.2,174.5,866.6,0.1
72.9,133.1,265.7,346.8,173.4,866.6,0.1
72.9,132.1,262.7,344.4,172.3,866.6,0.1
72.9,131.0,260.6,340.8,171.2,865.2,0.1
71.6,130.0,257.5,337.2,168.9,865.2,0.1
71.6,129.0,253.5,333.6,167.8,865.2,0.1
65.6,122.8,246.3,327.6,166.6,865.2,0.2
68.0,124.8,245.3,325.2,164.4,863.7,0.1
66.8,122.8,241.2,320.4,163.3,863.7,0.1
70.4,125.9,240.2,319.2,162.1,863.7,0.1
26.7,17.5,28.6,30.0,156.5,371.0,0.8
30.4,37.1,27.6,25.2,23.6,20.8,-0.2
41.3,57.8,108.3,141.6,81.1,325.0,0.2
38.9,55.7,107.3,140.4,79.9,325.0,0.2
37.6,54.7,103.2,135.6,78.8,323.5,0.2
27.9,49.5,115.5,100.8,78.8,197.4,0.2
35.2,45.4,101.2,135.6,86.7,326.5,0.3
35.2,50.6,105.3,136.8,85.6,328.0,0.3
37.6,53.7,106.3,136.8,84.4,328.0,0.2
37.6,53.7,103.2,134.4,83.3,328.0,0.2
37.6,53.7,102.2,132.0,82.2,329.4,0.2
34.0,47.5,96.1,127.2,79.9,329.4,0.3
40.1,54.7,100.2,129.6,79.9,329.4,0.2
37.6,52.6,98.1,127.2,78.8,329.4,0.2
35.2,53.7,97.1,126.0,77.7,329.4,0.2
36.4,36.1,30.7,28.8,22.5,20.8,-0.2
55.9,54.7,62.3,114.0,257.9,1691.7,0.7
59.5,88.7,61.3,110.4,377.2,1668.0,0.6
60.7,89.8,62.3,111.6,382.8,1694.7,0.6
60.7,91.8,62.3,111.6,382.8,1694.7,0.6
59.5,88.7,62.3,111.6,382.8,1694.7,0.6
59.5,88.7,62.3,111.6,382.8,1694.7,0.6
59.5,89.8,62.3,111.6,382.8,1693.2,0.6
60.7,89.8,63.4,111.6,384.0,1694.7,0.6
60.7,89.8,63.4,111.6,384.0,1694.7,0.6
60.7,92.9,62.3,111.6,382.8,1693.2,0.6
60.7,89.8,62.3,111.6,382.8,1693.2,0.6
60.7,89.8,63.4,111.6,382.8,1693.2,0.6
60.7,89.8,62.3,111.6,382.8,1693.2,0.6
60.7,89.8,63.4,111.6,382.8,1693.2,0.6
60.7,92.9,62.3,111.6,381.7,1693.2,0.6
60.7,92.9,63.4,111.6,382.8,1693.2,0.6
60.7,89.8,62.3,111.6,382.8,1693.2,0.6
60.7,89.8,62.3,111.6,382.8,1693.2,0.6
57.1,86.7,60.3,110.4,381.7,1688.8,0.6
60.7,89.8,62.3,111.6,382.8,1691.7,0.6
60.7,91.8,62.3,111.6,381.7,1690.3,0.6
60.7,89.8,62.3,111.6,382.8,1691.7,0.6
60.7,89.8,62.3,111.6,382.8,1690.3,0.6
60.7,89.8,62.3,111.6,380.6,1687.3,0.6
60.7,89.8,62.3,111.6,381.7,1690.3,0.6
60.7,89.8,62.3,111.6,381.7,1690.3,0.6
60.7,89.8,62.3,111.6,381.7,1690.3,0.6
60.7,89.8,62.3,111.6,381.7,1690.3,0.6
49.8,3.1,65.4,112.8,1.1,1378.6,-0.5
49.8,75.3,65.4,112.8,359.2,1377.1,0.7
49.8,75.3,65.4,112.8,359.2,1377.1,0.7
51.0,75.3,66.4,114.0,359.2,1375.6,0.7
49.8,76.4,65.4,114.0,359.2,1375.6,0.6
49.8,75.3,65.4,114.0,359.2,1375.6,0.7
49.8,75.3,65.4,114.0,359.2,1375.6,0.7
49.8,76.4,65.4,114.0,359.2,1375.6,0.6
49.8,77.4,65.4,114.0,358.1,1375.6,0.6
49.8,76.4,65.4,114.0,359.2,1375.6,0.6
49.8,75.3,65.4,114.0,359.2,1375.6,0.7
49.8,76.4,65.4,114.0,359.2,1375.6,0.6
49.8,76.4,65.4,114.0,359.2,1375.6,0.6
51.0,76.4,66.4,114.0,359.2,1375.6,0.6
51.0,76.4,66.4,114.0,359.2,1375.6,0.6
51.0,76.4,66.4,114.0,359.2,1375.6,0.6
51.0,76.4,66.4,114.0,359.2,1375.6,0.6
51.0,76.4,66.4,114.0,359.2,1375.6,0.6
51.0,76.4,66.4,114.0,359.2,1375.6,0.6
51.0,76.4,66.4,114.0,359.2,1377.1,0.6
51.0,76.4,66.4,114.0,359.2,1375.6,0.6
49.8,76.4,66.4,114.0,359.2,1375.6,0.6
51.0,76.4,66.4,114.0,359.2,1375.6,0.6
49.8,76.4,66.4,114.0,359.2,1375.6,0.6
49.8,76.4,65.4,114.0,359.2,1375.6,0.6
20.6,65.0,22.5,31.2,333.3,290.9,0.7
34.0,106.3,31.7,38.4,22.5,348.7,-0.7
81.4,117.6,103.2,159.6,512.3,2116.2,0.6
58.3,60.9,186.0,243.6,90.1,813.2,0.2
71.6,127.9,245.3,325.2,192.5,1179.8,0.2
70.4,127.9,243.2,324.0,191.4,1179.8,0.2
69.2,126.9,242.2,322.8,191.4,1178.3,0.2
69.2,125.9,240.2,320.4,190.3,1178.3,0.2
69.2,125.9,239.1,318.0,189.2,1178.3,0.2
70.4,125.9,237.1,315.6,188.0,1178.3,0.2
70.4,124.8,234.0,312.0,186.9,1178.3,0.2
70.4,124.8,231.0,308.4,185.8,1178.3,0.2
69.2,123.8,226.9,304.8,183.5,1176.8,0.2
69.2,123.8,223.8,301.2,182.4,1178.3,0.2
68.0,121.8,219.7,296.4,180.2,1176.8,0.2
68.0,120.7,215.6,291.6,179.0,1176.8,0.2
58.3,108.3,176.8,241.2,118.2,954.2,0.0
68.0,132.1,246.3,325.2,162.1,995.7,0.1
69.2,132.1,247.3,326.4,162.1,995.7,0.1
69.2,132.1,247.3,325.2,162.1,995.7,0.1
69.2,132.1,245.3,324.0,161.0,995.7,0.1
63.1,124.8,238.1,316.8,158.8,994.3,0.1
63.1,124.8,235.1,314.4,157.6,995.7,0.1
63.1,124.8,234.0,312.0,156.5,994.3,0.1
68.0,127.9,233.0,309.6,155.4,992.8,0.1
66.8,126.9,228.9,304.8,153.1,992.8,0.1
37.6,37.1,31.7,30.0,23.6,22.3,-0.2
35.2,22.7,22.5,20.4,22.5,22.3,-0.0
53.4,72.2,66.4,103.2,439.1,1154.5,0.7
53.4,72.2,65.4,103.2,439.1,1154.5,0.7
53.4,72.2,66.4,103.2,438.0,1154.5,0.7
52.2,72.2,65.4,103.2,439.1,1154.5,0.7
36.4,37.1,31.7,30.0,23.6,22.3,-0.2
35.2,32.0,42.9,57.6,21.4,482.3,-0.2
105.7,141.4,107.3,196.8,352.4,3025.8,0.4
92.3,147.5,112.4,201.6,352.4,2451.5,0.4
93.5,147.5,112.4,201.6,352.4,2448.6,0.4
91.1,145.5,111.4,200.4,351.3,2445.6,0.4
91.1,146.5,111.4,200.4,351.3,2442.6,0.4
93.5,147.5,112.4,200.4,351.3,2441.1,0.4
93.5,147.5,112.4,200.4,350.2,2439.7,0.4
93.5,146.5,112.4,200.4,350.2,2438.2,0.4
92.3,149.6,111.4,199.2,350.2,2436.7,0.4
92.3,147.5,112.4,200.4,349.1,2435.2,0.4
92.3,146.5,111.4,199.2,349.1,2432.2,0.4
92.3,146.5,111.4,199.2,349.1,2430.8,0.4
91.1,145.5,110.4,199.2,347.9,2429.3,0.4
92.3,146.5,111.4,199.2,347.9,2429.3,0.4
92.3,145.5,111.4,199.2,347.9,2426.3,0.4
92.3,146.5,111.4,199.2,347.9,2424.8,0.4
92.3,146.5,111.4,199.2,347.9,2424.8,0.4
92.3,146.5,111.4,199.2,347.9,2424.8,0.4
92.3,146.5,111.4,198.0,346.8,2421.9,0.4
92.3,146.5,111.4,198.0,346.8,2421.9,0.4
92.3,146.5,110.4,198.0,346.8,2420.4,0.4
36.4,36.1,30.7,28.8,22.5,22.3,-0.2
35.2,46.4,92.0,111.6,64.2,270.1,0.2
51.0,38.2,221.8,304.8,47.3,777.6,0.1
13.4,14.4,31.7,33.6,4.5,53.4,-0.5
42.5,62.9,116.5,156.0,90.1,387.3,0.2
30.4,32.0,28.6,75.6,74.3,161.8,0.4
91.1,143.4,241.2,364.8,354.7,1780.8,0.4
46.1,89.8,130.8,192.0,222.9,841.4,0.4
68.0,101.1,134.9,189.6,213.9,1108.5,0.4
66.8,100.1,130.8,184.8,209.4,1108.5,0.4
65.6,98.0,126.7,180.0,204.9,1110.0,0.4
65.6,97.0,124.7,177.6,201.6,1108.5,0.4
58.3,89.8,117.5,171.6,198.2,1108.5,0.4
58.3,88.7,116.5,170.4,197.0,1110.0,0.4
66.8,97.0,122.6,175.2,197.0,1110.0,0.3
66.8,97.0,121.6,174.0,195.9,1113.0,0.3
57.1,88.7,114.5,168.0,194.8,1110.0,0.4
60.7,93.9,117.5,170.4,194.8,1110.0,0.3
63.1,89.8,118.6,170.4,193.7,1110.0,0.4
66.8,97.0,120.6,172.8,193.7,1110.0,0.3
66.8,98.0,120.6,172.8,193.7,1110.0,0.3
60.7,92.9,116.5,169.2,193.7,1110.0,0.4
54.6,86.7,111.4,164.4,193.7,1110.0,0.4
54.6,86.7,111.4,164.4,193.7,1111.5,0.4
65.6,97.0,119.6,171.6,193.7,1110.0,0.3
66.8,97.0,120.6,171.6,193.7,1111.5,0.3
65.6,96.0,119.6,171.6,193.7,1110.0,0.3
64.4,94.9,118.6,170.4,193.7,1113.0,0.3
61.9,93.9,116.5,169.2,193.7,1110.0,0.3
55.9,87.7,113.4,168.0,193.7,1113.0,0.4
55.9,87.7,111.4,165.6,193.7,1110.0,0.4
64.4,94.9,118.6,170.4,193.7,1110.0,0.3
64.4,93.9,118.6,170.4,193.7,1110.0,0.3
64.4,97.0,117.5,170.4,193.7,1110.0,0.3
66.8,98.0,119.6,171.6,193.7,1111.5,0.3
66.8,98.0,119.6,171.6,193.7,1111.5,0.3
66.8,97.0,119.6,170.4,192.5,1111.5,0.3
66.8,97.0,120.6,170.4,192.5,1111.5,0.3
66.8,97.0,119.6,170.4,192.5,1111.5,0.3
66.8,96.0,119.6,170.4,192.5,1111.5,0.3
65.6,97.0,118.6,169.2,192.5,1111.5,0.3
66.8,103.2,118.6,169.2,190.3,1111.5,0.3
65.6,97.0,118.6,169.2,191.4,1111.5,0.3
66.8,98.0,118.6,169.2,191.4,1111.5,0.3
66.8,97.0,118.6,169.2,191.4,1111.5,0.3
66.8,97.0,118.6,169.2,191.4,1111.5,0.3
65.6,97.0,117.5,169.2,191.4,1111.5,0.3
65.6,96.0,116.5,168.0,191.4,1111.5,0.3
66.8,97.0,118.6,169.2,191.4,1111.5,0.3
66.8,97.0,118.6,169.2,191.4,1111.5,0.3
65.6,96.0,117.5,168.0,190.3,1111.5,0.3
66.8,97.0,117.5,168.0,191.4,1111.5,0.3
66.8,97.0,117.5,169.2,191.4,1111.5,0.3
65.6,97.0,117.5,168.0,190.3,1111.5,0.3
53.4,85.6,107.3,160.8,190.3,1110.0,0.4
54.6,85.6,108.3,162.0,190.3,1110.0,0.4
52.2,83.6,106.3,160.8,190.3,1111.5,0.4
65.6,96.0,116.5,168.0,190.3,1111.5,0.3
64.4,94.9,116.5,168.0,191.4,1111.5,0.3
53.4,84.6,107.3,160.8,190.3,1110.0,0.4
53.4,84.6,107.3,160.8,190.3,1110.0,0.4
53.4,84.6,107.3,160.8,190.3,1111.5,0.4
61.9,86.7,109.4,162.0,190.3,1111.5,0.4
66.8,97.0,117.5,169.2,191.4,1111.5,0.3
66.8,97.0,117.5,169.2,191.4,1111.5,0.3
66.8,96.0,117.5,169.2,191.4,1111.5,0.3
66.8,97.0,117.5,169.2,191.4,1111.5,0.3
66.8,98.0,117.5,169.2,191.4,1111.5,0.3
65.6,96.0,117.5,168.0,191.4,1111.5,0.3
66.8,97.0,118.6,169.2,191.4,1111.5,0.3
66.8,98.0,118.6,169.2,191.4,1111.5,0.3
66.8,97.0,118.6,169.2,191.4,1111.5,0.3
66.8,97.0,118.6,169.2,191.4,1111.5,0.3
66.8,97.0,118.6,169.2,191.4,1111.5,0.3
66.8,98.0,118.6,169.2,191.4,1111.5,0.3
66.8,97.0,118.6,169.2,191.4,1111.5,0.3
66.8,98.0,118.6,169.2,191.4,1111.5,0.3
66.8,98.0,118.6,169.2,191.4,1111.5,0.3
66.8,98.0,118.6,169.2,191.4,1111.5,0.3
66.8,98.0,118.6,169.2,191.4,1111.5,0.3
64.4,94.9,116.5,168.0,191.4,1111.5,0.3
55.9,86.7,109.4,162.0,191.4,1111.5,0.4
65.6,97.0,117.5,169.2,191.4,1111.5,0.3
66.8,97.0,118.6,169.2,191.4,1111.5,0.3
66.8,98.0,118.6,169.2,191.4,1111.5,0.3
66.8,97.0,118.6,169.2,192.5,1113.0,0.3
66.8,99.1,118.6,169.2,191.4,1111.5,0.3
66.8,98.0,118.6,169.2,191.4,1111.5,0.3
68.0,98.0,119.6,169.2,192.5,1111.5,0.3
66.8,98.0,118.6,169.2,192.5,1113.0,0.3
66.8,97.0,118.6,169.2,192.5,1111.5,0.3
66.8,97.0,118.6,169.2,192.5,1113.0,0.3
66.8,98.0,119.6,169.2,192.5,1113.0,0.3
66.8,97.0,118.6,169.2,192.5,1111.5,0.3
66.8,98.0,118.6,169.2,192.5,1113.0,0.3
66.8,98.0,118.6,169.2,192.5,1111.5,0.3
66.8,98.0,118.6,169.2,192.5,1113.0,0.3
66.8,98.0,118.6,169.2,192.5,1111.5,0.3
66.8,98.0,118.6,169.2,191.4,1111.5,0.3
66.8,97.0,118.6,169.2,192.5,1113.0,0.3
65.6,96.0,117.5,169.2,192.5,1111.5,0.3
65.6,96.0,117.5,168.0,192.5,1113.0,0.3
61.9,94.9,116.5,168.0,192.5,1111.5,0.3
59.5,89.8,112.4,164.4,191.4,1111.5,0.4
59.5,89.8,112.4,164.4,191.4,1111.5,0.4
58.3,88.7,111.4,164.4,191.4,1113.0,0.4
61.9,93.9,115.5,166.8,192.5,1111.5,0.3
59.5,91.8,112.4,165.6,191.4,1113.0,0.4
59.5,90.8,112.4,164.4,191.4,1111.5,0.4
